{
    "orbital_elements": {
        "SMA": 6877.31046112,
        "INC": 97.40113208106158,
        "ECC": 0.0008088558043536025,
        "RAAN": 124.85562003323021,
        "AOP": 143.65405907686812,
        "TA": 28.791023007446405
    },
    "orbit_type": "SSO",
    "epoch": "2028-05-16 09:01:09.185"
}